participant_id,week,Thinking Process,AI effectiveness
560379c9e372c00011bd4a90,week 0,"It seems like it is real, but, it has a robotic style. ","Not really, just reinforced what I already thought. "
56b43607c54e3c000d3c9b0b,week 0,I tried to clarify any information with the AI to help me make my decision. The AI also provided its thoughts which I took into consideration. I believe that the AI raised a lot of relevant points that helped me out. I did end up changing some of my initial beliefs. I was very open to considering the AI's input.,I think the AI gave me some helpful advice. It told me to really focus on what the headline is actually saying. It also confirmed some of my beliefs that unusual images could mean that the headline is false.
57165ba7c5aca2000a8d32ca,week 0,I would take into account the AIs suggestions and take a closer look at the article and image based on this suggestion.,It didn't teach me but it definitely did provoke my thought process for determining this.
5c4f5967aac8be0001716a65,week 0,"I would judge whether it was real or fake, the bot would give it's opinion. I would decide if it was real or not mostly, but if the bot gave enough reason to believe it was the other way I would agree with it.","Not really, I tended to figure it out by myself the AI just kind of confirmed it."
5caccbc4976d010014b9cd9d,week 0,I just wanted to see how compelling their argument was and then to ask questions. The dialogue felt natural and the conversation flowed. I didn't think  much more about it.,Yes I thought the evidence that I was given was strong.
5d07fc124e753800168ccafe,week 0,"I largely based it off my intuition, and used the AI to flesh my intuition out further. Generally the AI made me *more sure* of my own position -- pointing out reasons why it might be true that I may not have realised or did not know. ","No. I think it's generally pretty obvious when AI images are fake (smooth skin, digits are off, etc), and my ability to determine true/false info comes from before AI was popularised -- it's based off my own intuition and critical thinking skills. "
5d20189bb34728001a230962,week 0,Holding my own. It seems quite a bit manipulative. I think for myself.,No. That's stale news. Still doesn't matter.
5deb341d35575a2547b1f85a,week 0,"I asked questions, and when they were all answered I felt like I had to keep asking things to make it move along",I feel like it did help to point out you need to verify information
5e06ecd524f9390991997bb7,week 0,I wasn't sure if I should believe the AI. I didn't know if it had reasons to lie to me. It seemed dodgy at times and didn't clearly answer my questions.,"No, I don't feel this way. The AI didn't cite it's sources. It didn't give me scientifically proven information either."
5e27727328b7b698b037ee6c,week 0,I was trying to see if I could get any additional context or cues from the AI about whether these stories were real or fake. If I felt I could get any extra info from its responses I would use that to get a decision.,"I would say no. I felt that even after engaging with the AI, I did not have a satisfactory way of knowing that a story I was shown was real or not, so I felt that I did not get a good way to do that."
5e35373e1ddb124e6c306747,week 0,"did it provide sources, could it provide further information to back up viewpoint","yes, it helped provide context"
5e916cb9e502b1498e8fc059,week 0,"I was reacting to whatever specific questions it framed, such as, ""Why do you think the story is fake?"" And I would offer my supporting points, i.e., ""I haven't seen this story reported anywhere,"" or, ""The image of the US Senator (in headline #1) doesn't seem to resemble Chris Dodd,"" and so on. Then the AI would ask relevant follow-up questions, and I would offer whatever additional responses were needed, before we moved on to the next headline.","I would say it give me a good guideline to judge them, based on the questions that it asked, such as, ""That's a good point -- you need to check multiple sources to verify a story,"" or, when I questioned the depressed children flanking the alleged image of Senator Chris Dodd, the AI responded, ""You're right. Public figures usually seek to protect family members from major news about themselves"" (in this case, his alleged divorce and resignation from the US Senate, which I didn't believe was true)."
5ec62902bb44c16b842128f9,week 0,I took it for face value and answered whole heartedly. I didn't look for an ulterior motive or anything.,No it did not because for the most part things were obvious.
5f1b4845cbf55f3192e33b89,week 0,"Try to think logically if it made sense, or if it was common sense.","I am not sure, I feel like I can give me more confirmation of the source of the image."
5faefcc22be93b11829e84df,week 0,I looked for facts that made sense and checked if the story matched the image. I trusted logic and asked if real sources would support the headline.,"Yes, the AI helped me look closer at the image and the headline. It showed how to check for facts and logic. It also reminded me to verify sources before trusting a story."
601fd27860b197531ca7bdcc,week 0,I tried to be critical and questioning of where the AI was trying to lead me. I was also examining what the AI said and what went unsaid.,I do not believe that it taught me anything new. I'm a millennial and I've grown up having to develop an approach to critically analyse what is and isn't true. It's never clear what news is and isn't true these days.
6023f94d1951e70ae21770ec,week 0,just asked as many questions as possible related to topics provided,not sure
6287f4819c5fc8c4d48cc885,week 0,"I wanted to ask it for information that it could possibly know to confirm or deny details. For some questions, I realized it would not be able to help me. Once I realized it was trying to lead me with certain interactions, I took a step back and questioned it for points against what I was leaning towards. ","Only a little bit, it gave me information the one time I really probed it about criteria."
628f9cfbee6de7cc7322fecf,week 0,I tried to type clearly to the AI and I wanted the AI to provide facts that will help me determine whether the news story was real or fake.,"Yes, I feel like it made me rely on facts more. The AI also made me question the images that were shown."
637545d6428d85daeedc3df5,week 0,It is similar to texting a real person so I just reply as I would to a human.,"It confirmed some of the ideas I already had e.g why did it happen?, does the photo look real?"
640415971520c41606ca4389,week 0,I gave my explanations and took any feedback into consideration ,I think it reinforced my precautions I already try to use.
647dde92d730823a9e5c7f0f,week 0,The AI confirmed all my observations. It did not provide any new insights.,"No, the chatbot only confirmed my observations. "
65178713fd459dd31fbfb62b,week 0,"I enjoyed talking with the AI, I felt pretty good about being able to determine what news was real and what was fake. I also found the guiding questions helpful for me to dig into why I thought certain items were not real.","Yes I do, I feel that the AI helped confirm my skills at identifying false news and images. It also helps that I'm used to seeing generative content and can spot when there are errors."
651865050634b0ca55fc0d0d,week 0,"Well, it's not very engaging.  Maybe I'm just so used to using ChatGPT.","No, not really. It didn't include anything other than reinforce what's being shown and then asks if I now see the image as fake or real"
6526ba5706ea8e4e5cafde48,week 0,I understood the limitations AI with a goal of not going beyond completing the task. I decided when to continue and stop the conversation. ,"No, I was already quite adept at it, or at least adept enough."
65599c698363f734b0325aa2,week 0,"I wanted it to be over as soon as possible, the dialog felt very frustrating compaired to other AI models","no, I already knew the methods it talked about."
6562421abbbe0dc4b89ad4ff,week 0,"I was thinking about asking/telling it all the things i feel that make that headline real or fake, or if i had actually seen that in the new and knew what the outcome was already.",I feel like it did by questioning me if the imagine looked real or if what i saw in that image could possibly be related to a similar event. Also it reminding me that some of the headlines logically didn't make any sense.
65624dbc33b93e2696f06d1f,week 0,It was interesting and lasted longer than expected,Yes because it gave good tips
65c18c789a79785086046517,week 0,My thought process is it wasn't helpful and didn't know much of anything; I could have had the same conversations with my wall.,"It didn't tell me anything I didn't already know, other than about that park in Brooklyn that I don't remember hearing about before. Everything it said about identifying whether things are true or false was common sense. "
65fb580ab7fbb2d518ee8eaa,week 0,I thought it was like any other AI application.,"Slightly, but I still feel the same."
6604610e7a4c3d8b8aa2309f,week 0,i was trying to get it to help me decide if real or fake,
660cda55786e37b1cbb49717,week 0,I was thinking that the AI is making me more aware of how to verify the authenticity of images and headlines,"Yes, I think it taught me how to identify true and false information"
66231fc6e1ecba676935943a,week 0,"I was wondering if the AI would lie to me. I was happy with the ways it responded as it seemed to be pretty grounded to me. Sometimes I thought it was being kind of condescending with asking if that makes sense, but I did not take it personally.","No, I have always been skeptical of news and bias for a long time."
66293ce3dba0764775195e58,week 0,At first I wasnt sure how to move foward. I was able to communicate with the AI and request facts..more in the end It was less factual to me.,To some degree. But it did help me analyze true and false information.
66451cf935a985828f197f7e,week 0,"My thinking process was fine. I think it had credible information. It's just that the last image it didn't understand when I told it that I was finished and had no more questions it kept going and didn't really catch on. Other than that, I think it was nice interacting with it and receiving relevant information",Yes because it was able to give detailed reasoning behind them
664921b8a4c8fcf533571f7a,week 0,"I asked it clarifying questions, asked what sources it used, and asked if it could confirm or deny claims in the headlines. I was interested in the specific sources and seeing if it could back up any claims with reputable news outlets.","I think the AI helped me look at the headline and image and really consider whether it seems too outlandish to be true and to consider if I've seen the news before and from what source if I have, and if it's a reputable source."
6650a822a7a14d7179997510,week 0,"Well in the beginning, I couldn't see the AI responses because the text box was in the way. Once that was corrected, I enjoyed talking to the chatbot. It was informative and friendly.","Yes, because it gave sources to back up the information."
6651193f302387e52405119a,week 0,"My thinking process was to see if I can refute anything that the AI dialouge had to say and if it followed a certain amount of logic. To my surprise it did and provided good reasoning for my skepiticism and solidifed my believes in other aspects and was a generally good tool for either notifying me of things I had not previously thought or assured my thinking if I did not seem as confident. I can say that at the start I was wary of actually trusting the AI, but as I had more experiance and exposure to it I felt more trusting and open minded on my thinking making this AI a good assest to have dialouge with!",I feel it taught me how to identify true and false images through understanding the lighting and positioning of the individuals in the image and gave me more thought on what to look for like the wording of the headlines.
66562875b665d8e2b1b6fc66,week 0,I was just having a chat like I would if a human were involved. ,Somewhat. It helped by confirming or refuting my identifications. It provided details to support it's judgements.
666b4944d7f80b9099b5af20,week 0,it was all pretty logical and i appreciated its' logic...though there was one time it couldn't convince me 100%!,"it did a pretty good job of it, though i am still a little unsure"
666c7b666fa83d9dad4c6451,week 0,I took into account what they had to say and their sources along with common sense.,To an extend they did yes.
667d81a95170bdd075f74203,week 0,Whether the AI response provided any details or information to help make a more precise decision or to stick with my original position. ,Not really. I think it caused me to be more critical and maintain a 50/50 position without access to supporting documentation.
66881fbe723bc57d75a2c268,week 0,I was thinking based on my own insight ,Yes it did and it was great 
668f8d7343028ae0faa7a907,week 0,I wanted to get a protocol for figuring out in the future whether a story was true or not and how I could improve in my discernment so my strategy was to ask the AI how I could look through a story to assess its veracity.,Yes it really did give me helpful frameworks and protocols that I will use in the future as a started to tease the veracity of stories out. :)
66abf0c472f051b5e40cfbfd,week 0,I was trying to figure out if it was real or fake by asking questions that would lead me in that direction. At the end of the last image I ask if it's real and AI says Yes. Guess I should have asked sooner!,"I think that it has made me look deeper into the subject matter. AI is such a valuable asset that I feel confident when we speak about fake vs real news, so the tips I get from AI do really help me."
66b5172c8f0bd3b23ce66c22,week 0,I was thinking about how the AI was summarising and breaking down the information to help me understand if the news was real or not ,Yes I do feel that AI helped me distinguish between real and fake news because it showed me how to break things down 
66cb2e0bd2169db778550269,week 0,I was logically assessing the authenticity of the headline and the authenticity of the AI's speech in my head on a constant basis.,The AI taught me how to logically identify true and false information and images because the AI logically taught me how to assess the authenticity of information and the sources of the information.
66dd097265650e0dec23231f,week 0,I tried to be skeptical and think a little like a detective. I used AI to help justify my thoughts on the articles. They helped give me reassurances that my thought processes were accurate and that I came to a reasonable conclusion. I tried to prompt AI to evaluate if they are aware of such a story existing and to review the evidence. My thought process was that they should be able to determine if the story is fake based on these prompts. ,"Yes, I feel that they gave me some useful ideas to help me make these determinations. I still am not perfect at this, but I think I am improving. "
671cd612f039f8a9b5e55cca,week 0,"I simply have to check for the news on other reliable sources and I answer the AI dialogue by explaining my i think my answer is real/fake, based on my searches.",
673378009f99d14c232c1f2b,week 0,It ws informative and objective which I endured and liked to see and simply didn't just agree but stayed objective ,Using common sense
673ccb0691efe91cd015dcf7,week 0,"When I was engaging with the AI, my main goal was to double-check and confirm the choices I was already leaning toward. I didn't just rely on the AI to give me the answer; instead, I used it as a tool to validate or challenge my own reasoning.","Yes, I feel that the AI helped teach me how to identify true and false information and images, but in a supportive way rather than directly."
674ca2f2b42dd96dc2f71707,week 0,I was trying to converse as if I was speaking to a real person. I wanted to find out where I could get more information and also where the AI dialogue was getting it's information.,"I don't think it taught me much. I already know how to look for errors in the images, and I am aware of good news sources to verify my information."
675b6bf5887bccb7fad6c44d,week 0,I was thoroughly impressed with its level of reasoning and how it communicated its answers.,"Yes, I could quickly get updated by going through its platform to ascertain if it's true or false."
676304145bbe20d1fd5d653c,week 0,Wanted to interact with it well but after it totally messed up the simple interpretation of the caption from the 1st image I lost all faith in it and could not really take it seriously.,No. I already explained this earlier.
67657279b0bce380fa33721e,week 0,"In the first instance I was attempting to pin down some credible sources to strengthen my case.  If the AI was being evasive, this raised my suspicions and I attempted to press it further, asking it to name specific sources, dates, quotes etc.  I also attempted to gather background information on the people / events that may not have been initially presented to me.","Somewhat - it taught me to press for sources and question its motives, but I feel with enough scrutiny, most AI images have tell-tale signs or fall somewhere into the uncanny valley.  "
67659224c577c7e97b074f43,week 0,"AI was trying to help me understand how to spot the fakeness vs realness of news descriptions that are accompanied with the images. It did help me understand for example to match the headlines with the image context and whether they make sense together. If not, it is most likely fake. ",Yes it did. It gave me explanations on the reasoning I provided when I gave my preferences. It challenged that in a systematic way to help me understand how to spot the fakeness
677fb35eafd357a07e351a9f,week 0,I thought that the AI dialogue was surprisingly helpful and detailed.  I was also surprised that the AI encouraged me to seek deeper into the truth by using cross reference techniques.  ,I believe that AI encouraged me to continue seeking reputable news outlets and to continue cross referencing sources when seeking truth .
678f0bb28ec3307e4f1afb78,week 0,it was boring having to judge if the headlines where real of fake without much detail ,no AI just gave it's verdict it did not demonstrate it's method of judging
6792f9facbb387400c5b6119,week 0,Just to have fun and be honest. I really enjoy working with AI since my brain can tend to work in a similar fashion. I am not sure how to be more detailed in that I meditate a lot so perhaps more context of what you are looking for and I can share more. Thanks ! I like that the code is/was pi.,
6797d5ada6654ec99f741b08,week 0,"In all honesty my thinking progress throughout the ai dialogue was that i first assesed whether i'd seen the news before or not, then after i chose my percentage based on that and then have the ai provide me more context and input on whether it's real and go off what it says.",Only slightly but i relied on it's input too much because i don't really watch news.
67c83488e67b25dcb923d96d,week 0," Understanding the Prompt or Headline When I encounter a headline like “An immigrant viciously attacks medical personnel…”, I first focus on:  The specific claim being made (Who? What happened? Where?)  The tone and language used (Is it neutral, biased, or emotional?)  The context provided (Does it refer to a specific event, place, or timeframe?)   2. Evaluating Plausibility and Familiarity Next, I assess whether the event is:  Plausible based on known facts about similar past events (e.g., tension in Rosarno, Italy involving migrant workers in 2010)  Familiar — Have I seen this story in credible news sources before?  Consistent with known patterns of how real or fake news is typically presented.   3. Considering Credibility and Bias I mentally ask:  Is there a known media bias in how this is framed?  Would credible media outlets publish this claim?  Does the story cite any sources, official statements, or first-hand reports?  Because the headline lacks all of the above, my initial confidence shifts strongly toward “fake.” 4. Engaging in Dialogue When engaging with the AI dialogue about the headline, I evaluate:  Whether the AI response is supportive, neutral, or challenging toward the initial judgment  Whether it introduces relevant facts, corrections, or opposing viewpoints  How well it guides the conversation, encourages reflection, and avoids reinforcing misinformation  Throughout the exchange, I pay attention to whether the AI encourages me to think critically, ask questions, or verify sources — rather than simply agree.","Yes, I do feel that the AI helped teach me how to identify true and false information and images — but in a supportive, not directive, way.
 Why?
Guided Critical Thinking
The AI didn’t just give me the answers, it encouraged me to reflect, ask questions, and look for signs of credibility (like sources, emotional language, and plausibility)."
67cf114d88ac6082ae5c17bd,week 0,"it was a good, respectful dialogue and AI was very helpful in claryfing my thoughts with good input and information",it helped me think deeper about it
67d47bef1b8777e754726be0,week 0,"First, I parse the user's input. The user provides a news item, which includes both a headline/caption and an image.  I immediately break down the input into its constituent parts: the claim(s) made in the text, and the visual information in the image.","The primary reason for this is that the dialogue was not a passive learning experience. Instead of simply providing me with facts, the AI system engaged me in a structured, interactive process that required me to actively apply critical thinking and media literacy skills."
67dac9fec33b7784afd3d08b,week 0,after making my guess the AI was able to interact effectively providing points why the news could be true or false ,"to an extent, yes "
67db3dd91c05b7278a0aad44,week 0,Just try to confirm any detail provided and double check,"No, its hard at times to tell real from fake. "
67e711daa771e0a8ad8c36f6,week 0,"When reacting to AI dialogue, I follow a structured process to ensure that my responses are both thoughtful and aligned with the user’s perspective. Here’s a detailed breakdown of my thinking process:  1. Understanding the User's Intent Initial Assessment: My first step is to understand the user’s intent and what kind of response they're looking for. This is usually influenced by the tone, content, and phrasing of the question or statement.",no
67f3147d939ee392b2741fb5,week 0,I want to always know if the AI bot has lots of valid information,"I'm not sure, I think I'm going with intuition and facts"
560379c9e372c00011bd4a90,Week 2,"If the news did not seem real to me, I would have my doubts. The AI was great, like I was chatting to a real person.","Yes, it taught me to not go by an image alone. Try to get more information on the subject to verify it. "
56b43607c54e3c000d3c9b0b,Week 2,I just wanted to clarify some facts and get additional details to help me verify the headlines. I trusted the information that the AI provided. I think that the AI was very helpful since some of the topics were unfamiliar to me.,I didn't feel like it taught me any techniques. It just gave me facts that I could use to verify the headlines.
57165ba7c5aca2000a8d32ca,Week 2,"I would try and compare the AIs analysis to my own prior knowledge and gut instinct. If these two matched then I would be certain about my decision, if these contradict each other then I would be less sure as I generally do not trust AI as a verifiable source. ","No, I still overwhelmingly used my own knowledge and gut feeling. The additional information was useful in some situations but not in all cases. I don't really feel it contributed too much to my overall decision. "
5c4f5967aac8be0001716a65,Week 2,I first analysed the headline and image. I would ask the AI about what they thought and they would provide sources to confirm real or fake. I found it helpful and if I was uncertain I could question the AI further in order to reinforce my understanding,It told me to seek out credible sources to make sure  the information was correct. For the images it lacked detailed understanding.
5caccbc4976d010014b9cd9d,Week 2,I thought of my initial reaction and waited to see if it matched up with the ai. If it matched i was happy to go along with their answer. Maybe asking an extra question to see if there was any doubt.,
5d07fc124e753800168ccafe,Week 2,"I already came in with fairly strong intutitions, and so used the AI dialogue to confirm or push back on my initial ideas. I also used it to fact-find -- in some cases, I was sure the image was real and within a similar timeframe, but I wasn't sure it was exact. I also misread one of the headlines (the WEF / Davos one), and the AI helped there. Essentially, it served as a responsive, agentic scratchpad of sorts. ","I think it helped remind me I should be careful and not to skim over things, as that led to me misidentifying a report. Aside from that, it generally helped to confirm my initial suspicions, backing them with facts and other observations. "
5d20189bb34728001a230962,Week 2,Natural. I think the way I am conditioned to think as a follower of Christ.  I don't entertain or buy into worldly things- being in the world but not of it.,"If I were a sheeple, perhaps.  I am not. AI can teach me only what I allow. "
5deb341d35575a2547b1f85a,Week 2,i wanted to know more things so I kept asking questions,it definitely helped to point out things I wouldn't have thought of
5e06ecd524f9390991997bb7,Week 2,"The AI often said things that were obvious. For example, they just reaffirmed what I said and agreed that an image could be staged. The AI did not do a good job of presenting factual evidence to me. For example, when I asked who else was at the summit that Barack Obama attended, the AI only guessed based on some name tags that were in the image.","No, it didn't help much. It just asked me why I thought something was true or false. It didn't teach me what to look for."
5e27727328b7b698b037ee6c,Week 2,I was trying to see if it would give me any insights as to whether a story was real or not and see if any bits of truth would come out.,"I would say no. I mean it told me why I should believe something was true, but there was really no way for me to verify that."
5e35373e1ddb124e6c306747,Week 2,"looking at how images worked alongside headlines, considering whether language or images were sensationalist ","yes, it helped clarify details and made me consider my own opinions more carefully and examine my own assumptions"
5e916cb9e502b1498e8fc059,Week 2,"I first started from the idea -- is it something that I remember? If not, what elements -- cutline, photo, and context -- make the image real, or faked? In the case of the last photo, I felt dubious from the start, because there was little context provided, beyond the obvious (the two guys were allegedly threatening the woman). From there, I asked the AI appropriate and relevant questions to see whether we'd land, one way or the other. And that's about it!","I would say that the back and forth that we engaged in together was useful, particularly in the case of the fourth photo, which struck me as a clear fake from the start. The AI proved helpful in figuring why that might be the case."
5ec62902bb44c16b842128f9,Week 2,I analyzed the photo and tried to see how real the headline was while looking for clues on the photo. For the AI I took the information as factual at face value and I used this to change my gut feeling on whether I thought it was real or fake.,I felt like it helped me in the majority of headlines. This was because it gave me different factors to analyze.
5f1b4845cbf55f3192e33b89,Week 2,Trying to get as much accurate information as possible.,"I am not sure, it only helped me verify more details about the headline to make sure it is true."
5faefcc22be93b11829e84df,Week 2,I read each message to find clear claims and check them against known facts or evidence. I ask if the details have a source or match what I’ve seen in reliable places. I look for bias or loaded language that might signal something fake.,"Yes, the AI showed how to check facts and spot misleading claims. It explained what proof to look for."
601fd27860b197531ca7bdcc,Week 2,I was sceptical of the AI's responses and was careful to ensure that i was not being manipulated.,It helped me to scrutinise the images and to assess the headlines for their veracity. It was useful in aiding this because it was like I was having a conversation whereby my opinion could be tested.
6023f94d1951e70ae21770ec,Week 2,just asked questions based on my feelings,"yes, it gave me good sources and arguments"
6287f4819c5fc8c4d48cc885,Week 2,"I had to try hard to pry new information from it. It was pretty reluctant to change its decision from what it had decided. Without outside knowledge, I generally had to trust it. One example was the voting one where I had to agree since it said the New York Times confirmed it.",
628f9cfbee6de7cc7322fecf,Week 2,I tried to ask follow up questions to the AI that would verify information about the news. The AI was very thorough and helpful. The AI was also friendly.,It taught me to ask more questions about images show with headlines. These images can throw people off.
637545d6428d85daeedc3df5,Week 2,I just took each report/photo at face value and thought about whether the report and photo made sense,
640415971520c41606ca4389,Week 2,I talked to it like I would google basically. ,Yes to some degree. I knew a lot of the things to look for but it helped to bring those to the forefront to look for.
647dde92d730823a9e5c7f0f,Week 2,"For the most part, I relied on my knowledge of current events to determine whether or not the headline/photo was fake or real. In all cases, I was able to correctly surmise my position, which corresponded with my decision to earmark the image/headline as real or fake. I simply used the chatbot to confirm what I had already decided. The chatbot, as I mentioned the last time, definitely has a limited scope of knowledge and interaction. It seems like it does not have the ability to converse, so to speak, as everything it says is a canned response (without the ability to search the web for details). So, knowing that, I did not push it or drive it to hallucinate. Thank you.","I don't think the AI taught me anything that I didn't already know. I think if I were younger, I'd probably fall for a lot of fake news but I rely on conventional media not Faux News for my information."
65178713fd459dd31fbfb62b,Week 2,"I wanted to know more about the images, and the stories behind them. The AI was excellent in giving me more information, as well as telling me about advocacy programs for the various issues.","Yes I do, the AI reinforced the knowledge I had, and gave me more information on how to determine what news is real and what is not. "
651865050634b0ca55fc0d0d,Week 2,"I liked it. It didn't seemed bias or anything.  It points out things but wouldn't it be better if it provided a link to a source or just naming the source it mentions instead of saying just ""source 1"" or ""source 9?""",Not really.  It's always saying it's important to verify sources and nothing about looking at an image.
6526ba5706ea8e4e5cafde48,Week 2,I think the chatbot was in agreement; I just tried to keep the conversation flowing.,I’d say a bit. The the chatbot helped me verify sources and cross-check information.
65599c698363f734b0325aa2,Week 2,I felt like it was patronizing me when I already stated I knew something. ,"no, I already knew the tactics to look for false information and images."
6562421abbbe0dc4b89ad4ff,Week 2,I tried to ask questions about the event to the bot because all of those events i had never seen before to gauge if it was true or not.,Yes. Because it sourced its info and explained why the AI thought it was either true or false. The AI also explained what looked strange in the photos that are fake news.
65624dbc33b93e2696f06d1f,Week 2,The process was informative and interactive.,"Yes, because it gave good advice on how to use the images as well as other sources."
65c18c789a79785086046517,Week 2,"It felt to me like it was helpful, but I am not sure that some of these examples were the best. I'm looking at them thinking why would someone lie about this every-day thing? Or why would someone do something that is kind of awful and I wouldn't have already heard about it? These examples were a little too obvious.","I don't think it taught me anything. Without it, I would have done some research. With it, I had it do some research. That didn't teach me, more like it helped me a little bit."
65fb580ab7fbb2d518ee8eaa,Week 2,I thought it was a great way to quickly find out if news is real or fake. I was impressed with the information presented to me.,"Yes, as some things are just common sense."
6604610e7a4c3d8b8aa2309f,Week 2,I tried to tie the data to the picture,Perhaps! it would still take some research to fact check
660cda55786e37b1cbb49717,Week 2,My thinking progress was to try to apply the strategies the AI had given me to identify whether or not the images were real or fake,Yes I think it helped. It taught me to be more observant to photos and text.
66231fc6e1ecba676935943a,Week 2,My thinking process was to try to gage how the chat bot would react while still being respectful. I wanted to test it by throwing ideas out there to see what kind of style it would respond in. I was thinking that it kind of spoke like how it would speak to a curious child at times. Overall I was satisfied that it was pleasant.,Not really because the AI can only provide so much information. It does respond with common sense practices which can be helpful.
66293ce3dba0764775195e58,Week 2,I was looking for clarity with evidence,"yes, weighing against multiple news articles or reports and eye witnesses"
66451cf935a985828f197f7e,Week 2,"It feels like I'm interacting with a real person, I actually thought I was for a minute because the AI put a smiley face which is human like.",Yes in someway since it was able to explain detailed information about the information presented
664921b8a4c8fcf533571f7a,Week 2,I trusted the AI if it gave me a reputable source like the NYT. I was fairly trusting of it and asked questions to make sure I was getting accurate information.,"Yes, I think the AI made me more likely to carefully consider sources and helped me determine which claims may just be too outrageous to be true."
6650a822a7a14d7179997510,Week 2,The AI was helpful but the dialogue kind of drags on after we've solved the problem. ,"Yes, it had sources that either backed the headlines or proved it didn't exist."
6651193f302387e52405119a,Week 2,My thought process was to ask questions about the individuals in the images to see if maybe it was AI generated. Also to see if there truly was headlines of credible sources and if they weren't plus the expressions and imagry I see leads me to a conclusion on if something was fake or not. The AI was able to alleviate my concerns for the settings and imagery and provided sources where applicable and did a good job to counter my doubts.,I believe it taught me to identify true and false images by providing me information on what to focus on within the image like their gestures and expressions and to look at the details in headlines if they seem realistic or possibly can be referring to something else and the truth is morphed to fit a certain narrative which I believe I have gotten better at identifying.
66562875b665d8e2b1b6fc66,Week 2,I used what the AI stated aligned with my own observations and reasoning. Several of these stories were completely unfamiliar to me so I had no real reference point for judgement; so I completely relied on the information from the AI in those cases.,Not really. It either confirmed my own thoughts or provided me with information I didn't previously know about a story. But the reasoning it used was the same as the reasoning I used when making the determinations.
666b4944d7f80b9099b5af20,Week 2,i knew what was fake and real because of our previous discourse,i definitely did though iw as confused about the voting one
666c7b666fa83d9dad4c6451,Week 2,I typically have an idea on if the article is fake or real and I use the information given by them to truly make my,Somewhat they use a lot of critical thinking.
667d81a95170bdd075f74203,Week 2,I used common sense and examined the context to see they correlated. ,"No, I think that I am pretty good at examining images for false details or context "
66881fbe723bc57d75a2c268,Week 2,I was answering the questions based on the concepts ,All the the information shared are 
668f8d7343028ae0faa7a907,Week 2,"I think for each of them my thinking process was to dialogue with the AI in such a way that I could not only figure out whether the picture and headline were real, but also I was seeking to find and learn practical steps and protocols to analyze both images and headlines and both of them together. I think I had 2 real and 2 fake imagese+headlines so walking through how to analyze the images with the AI assistant was my goal, just seeing its framework or a framework for analyzing a picture/headline combo. I was trying to kind of absorb and practice it with each of the 4 instances so I could learn to better analyze headlines/images in a kind of careful and detailed and systematic way so to speak. So anyway I guess my thinking process was to learn a framework or protocol for analyzing news images and headlines that I could apply in the future and I took this as an exercise in learning that and practicing that with the examples shown here.",I really felt it was very helpful in teaching me how to identify and tease out true and false information and images. It was really helpful and taught me some things I hadn't considered before. Having a systemic protocol to do this was very helpful for sure! :) I think I would have to practice more because nowadays there are some very nuanced pictures and headlines that subtly misinform but for sure I learned a lot.
66abf0c472f051b5e40cfbfd,Week 2,I was keeping an open mind. I always look up news or photos that look fake,Not anymore than I already knew. I look to see the publishing source and then look up photos.
66b5172c8f0bd3b23ce66c22,Week 2,I asked it to clarify things and told it way I thought something was fake/real,It helped to reaffirm things and ways to check etc 
66cb2e0bd2169db778550269,Week 2,I tried to use logical reasoning and my own knowledge of historical and current affairs to make my point(s).,AI taught me to identify true and false information by making me question the legitimacy of certain sources through critical thinking.
66dd097265650e0dec23231f,Week 2,"I tried to see where the AI chatbot was coming from and what their sources were. I thought through their logic to see if their reasoning made sense. I trusted what they said and felt comfortable following their advice. They had access to highly reputable news stories and fake news databases, which made me feel comfortable in trusting them. ","To some extent, yes. AI has given me some insights into what to look out for. However, in most cases they just gave me the answer based on AI's knowledge of the news sources and fake news databases. "
671cd612f039f8a9b5e55cca,Week 2,"If an image is AI generated, then the news is most likely a fake, this is my thinking process.",
673378009f99d14c232c1f2b,Week 2,Based on the AI dialogue it allowed me to want to open up and discuss topics and points freely. Although I notice that the AI behavior to have formed or made an initial judgement prior to involvement..,The AI allowed me to think more broader in my views by noticing dates and times and emotional behavior ore response play a role in determination of fact or fake news and images.
673ccb0691efe91cd015dcf7,Week 2,"first identify whether the claim is factual or opinion, then check if it aligns with known events or credible sources. I watch for sensational language or missing context, consider if images match the story, and finally decide if it’s real or fake, assigning confidence based on supporting evidence.","Yes, the AI helped me learn to identify true and false information by showing how to check facts, analyze language, verify sources, and assess images in context. It provided clear examples and reasoning, which made the process easier to understand and apply."
674ca2f2b42dd96dc2f71707,Week 2,I asked questions about who was involved. If the events mentioned had really happened. And asked for clarifications about the context of the alleged events.,"No, I don't feel like it did. It helped me to find context to the information. But I could find that myself without the use of AI by searching on trusted news websites such as BBC News."
675b6bf5887bccb7fad6c44d,Week 2,The AI gave me facts quickly and I was impressed.,
676304145bbe20d1fd5d653c,Week 2,Tried to speak to it as I would any other AI I have used. The images I saw were all fake except for the TWA image so this one was relatively easy.,"No, this all was nothing new to me."
67657279b0bce380fa33721e,Week 2,"I tried to establish as many facts as possible and press the AI for sources and cross references.  If there was something I was unsure about that the AI seemed certain of, I attempted to effectively negotiate it into a corner so it had no alternative other than examining its own claims.  (i.e. the claim that Aleksei A. Navalny was in court on April 23rd, which wasn't a Saturday, and also claiming he was in court on a Saturday.",It taught me to always be wary and always push further to get answers as some of the information was conflicting. 
67659224c577c7e97b074f43,Week 2,"So AI tried to reason with me as to why I think what I think about the item being real or fake. It gave me facts in response and then asked me to check whether that changes my reasoning in anyways. Assuming AI gives me the right facts, I would say it does a fantastic job in preparing me to spot fake vs real news. ","Yes it did, AI tried to reason with me as to why I think what I think about the item being real or fake. It gave me facts in response and then asked me to check whether that changes my reasoning in anyways. Assuming AI gives me the right facts, I would say it does a fantastic job in preparing me to spot fake vs real news. "
677fb35eafd357a07e351a9f,Week 2,"I tried bouncing ideas off of AI concerning the location and details of the supposed events in the images.  However, I was pessimistic concerning the accuracy of AI judgment concerning the legitimacy of the various images, and would certainly seek out further resources before accepting as fact. ",I believe that AI gave me tips on how to distinguish between real and fake images.  AI supported and encouraged my desire to seek out multiple verified reliable sources before confirming suspicious images as real. 
678f0bb28ec3307e4f1afb78,Week 2,I tried to gather facts through the use of AI to determine the validity of the news articles,no but it helped
6792f9facbb387400c5b6119,Week 2,"I am an intelligent wise soul and I can tell when machines and humans are being deceitful. This was a gross exercise, as in made me feel gross. ",
6797d5ada6654ec99f741b08,Week 2,My thinking process when reacting to what  the ai was saying was mainly to see if it reinforced or shut down my original opinion if it had a source or didnt that supported whether it was real or fake i usually say fake if lack of sources if there is a source present that supports its validity i go for true and discuss with the ai,Yeah i feel like it did. Lack of sources and an absurd amount of exaggeration usually mean its false or deceptive and the opposite suggests its true. i mean sometimes i figure i'm still wrong thought ngl.
67c83488e67b25dcb923d96d,Week 2,"How I evaluated each claim  Identify the core claim & time cue  Parse who/what/where and when (explicit date vs. vague “on Thursday”). Vague timing is a red flag that can signal recycled news.  Plausibility check (quick heuristics)  Ask: Is the actor plausible for this scenario right now?  Example: A former NY governor disrupting a town hall felt unlikely in 2025 without other chatter.  Corroboration scan (breadth & depth)  Would a real event have multiple independent, reputable outlets covering it? I mentally weigh breadth (many outlets) and depth (original reporting, on-the-record sources).  Absence of coverage for a dramatic claim → lowers confidence.","Yes, the AI provided guidance on identifying true and false information and images because:

Step-by-step verification methods were explained (e.g., reverse image search, metadata checks, timestamp verification).

Context analysis was demonstrated by comparing claims with historical facts and assessing plausibility.

Psychological factors and misinformation tactics were discussed, showing why certain content spreads.

Practical tools and resources like NewsGuard, InVID, and TinEye were introduced for real-world use."
67cf114d88ac6082ae5c17bd,Week 2,i thought of it like having a conversation with someone,a little bit. it helped me analyze my reasoning
67d47bef1b8777e754726be0,Week 2,"My thinking process when reacting to the AI dialogue is an iterative and multi-layered process, designed to be helpful, accurate, and context-aware.","I went beyond simply answering your ""Yes/No"" questions. My goal was to demonstrate and model a process of verification and critical thinking."
67dac9fec33b7784afd3d08b,Week 2,"well, i did have a lot of thought process. i asked if i could actually rely on the information i was provided with, to determine the possibility of the event being fake or real. but the AI, seemed very knowledgeable and know how to response to each question. with this i was able to rely on it's responses.","yes, to an extent."
67db3dd91c05b7278a0aad44,Week 2,I was using facts to answer the questions ,No even with AI its still hard to determine what is true and what is false 
67e711daa771e0a8ad8c36f6,Week 2,"When reacting to AI dialogue, my thinking process involves several layers of consideration to ensure responses are relevant, thoughtful, and coherent. Here's a detailed breakdown of the process:  1. Initial Understanding of the Prompt Clarifying Intent: The first thing I do is understand the user’s intent. Is the prompt a question, a statement, a request for clarification, or something else? I analyze the tone and context to gauge how to respond appropriately.  Identifying Key Elements: I focus on identifying the main subject, key points, and any potential emotional tones in the dialogue. In the case of a news discussion, I recognize the main event (e.g., the ambush in Coatepec Harinas) and any emotional reactions (e.g., uncertainty or curiosity about the news).","I don't think the AI actually teaches me how to identify true or false information in the way you might expect from a teacher or a learning experience. But it definitely helps me with tools and strategies for evaluating information. The way I approach truth or falsehood is based on patterns from reliable sources, and it helps me spot red flags like emotional manipulation, sensationalized language, or contradictory details."
67f3147d939ee392b2741fb5,Week 2,I was able to engage the AI. I learnt new things and gained new knowledge regarding information relating to the real news,"I'm not sure, but we were able to figure out the fake and real news"
560379c9e372c00011bd4a90,Week 4,It is like I am talking to a buddy. It is very human-like. Very fast responses. Nice talking to an AI robot.,"Not really at this point. I pretty know what to look out for. The AI was great to chat with though, very fast with the information. "
56b43607c54e3c000d3c9b0b,Week 4,I trusted most of what the AI said. I think that its sources are reliable. It helped confirm most of my initial thoughts about the headlines.,I feel like the AI just gave me suggestions based on the information from its sources. It didn't really teach me how to differentiate between true and false information.
57165ba7c5aca2000a8d32ca,Week 4,"I would assess the most important information to reach the verdict, such as how many news sources could be provided and also how realistic the news article sounds",
5c4f5967aac8be0001716a65,Week 4,I wanted to know where the AI got it's sources from but it mentioned it was from a data set. I would be skeptical in a real situation and do my own research to confirm the truth. Otherwise the AI convinced me when I questioned it and it gave good reasons to believe it.,"It did not teach me much about the images, but it also made me aware to make sure you find other outlets to confirm news articles as some can be misleading or have false information."
5caccbc4976d010014b9cd9d,Week 4,I stated my initial belief and then waited for the counter argument. I asked a couple of follow up questions to get more clarification as to why my initial reaction was correct or incorrect.,
5d07fc124e753800168ccafe,Week 4,"I think, as in previous tasks, I relied heavily on my intuition and used the dialogue to affirm my intuition, and ask questions about things I was unsure about. ","I don't think it significantly altered my abilities -- I feel like I can tell quite quickly if most images are AI or not, and can notice most fake news based on the fact I read the news frequently from a variety of sources."
5d20189bb34728001a230962,Week 4,Go with my gut instincts. These AI have been programmed by no other than who- man. And man is not trustworthy. The majority have a narrative they want spun to fulfill their agenda.,It could if I were still asleep.
5deb341d35575a2547b1f85a,Week 4,i tried to ask questions that helped clarify,"yes, it helped explain how to check for truth"
5e06ecd524f9390991997bb7,Week 4,"If an image looked like it was generated by AI then I was a lot less likely to trust that the headline was real. If the headline was also reported by credible sources like NPR or the New York Times, I was almost certain to believe that it was real as well. I assumed that the AI was telling me the truth and wouldn't lie to me because that would be unethical.","Yes, it taught me to investigate what the source of a news article and image are because that lends credibility."
5e27727328b7b698b037ee6c,Week 4,I was thinking about how realistic and beliveable the headlines were and if they seemed like something that could realistically occur.,I think that I did not get a good demonstration to gauge the truthfulness of these stories. It felt like it could have easily been telling me to believe one thing or another and did not get a good sense of how to tell that is true and what is false. I think it could have done a better job of teaching me that.
5e35373e1ddb124e6c306747,Week 4,"it was good to have confirmation and have a quick litmus test for validity, it was also really useful to cement that by being able to ask questions which helped my get a better understanding of context",I think it helped my clarify why my instinct is to question certain phrasing
5e916cb9e502b1498e8fc059,Week 4,"I was basically submitting cues in response to whatever questions it asked, so we could narrow down the relative authenticity or fakery of the image involved. That's basically the guideline I started off using, and stuck with, throughout the exercise.","Yes, I would say that that goal was reasonably accomplished through the back and forth questioning that the AI and I engaged in, to determine the authenticity of each image. Sometimes, the AI would initiate that exchange, other times, I would, if something seemed really obvious -- like the New York Governor allegedly instigating a riot, whose image seemed awfully clumsily Photoshopped into the resulting image. Some of those, as I mentioned to the AI, you could practically smell with the set off, so to speak, while others -- like that unusual slingshot image of the Myanmar protests -- seemed too weird for anyone to make up! So the responses and techniques definitely covered the spectrum, to say the least."
5ec62902bb44c16b842128f9,Week 4,"I analyzed the headline, the photo, and then whether I knew something about it. I used my best judgement. it seemed like the AI was very decisive on some, while others it was not so much.",
5f1b4845cbf55f3192e33b89,Week 4,I tried to get as details about the event and used the image to determine if the event was real or fake.,Yes it help me determine if the information was false based on what I was seeing. 
5faefcc22be93b11829e84df,Week 4,"I check the claim for evidence and clear sources. I compare the image, location and date for context. I also look for multiple reliable reports and match key facts.","Yes, the AI did teach me how to spot truth from falsehood. It showed me to check context, images and reliable sources. It helped me see how misleading claims can look real without proof."
601fd27860b197531ca7bdcc,Week 4,I was careful to ensure that i was critically analysing the response checking for any inconsistencies and any leading comments and questions. Inwas careful not to be too trusting.,"I believe it did teach me to identify true and false information. It helped me to critically analyse the headlines and the images, thereby allowing me to assess whether they were true."
6023f94d1951e70ae21770ec,Week 4,just texted what I thought about images,yes for sure good information
6287f4819c5fc8c4d48cc885,Week 4,"I wanted to get as much information from it as I could from it. It had more sources than me, so I had determine which ones I trusted enough to agree with its points. Sometimes it was being stubborn and repeating the same things so I had to ask it about the image or request new information. ",
628f9cfbee6de7cc7322fecf,Week 4,I thought about the AI's sources and the facts that it provided me. I thought about the authenticity of the AI and if it can be trusted. I thought about how informative the AI was. I also felt confident in the AI and felt like it understood what I was telling it.,Yes it helped me distinguish between the headlines and the images. It showed me how the images may be misleading.
637545d6428d85daeedc3df5,Week 4,I just asked the obvious questions,
640415971520c41606ca4389,Week 4,I see if it's justification aligns with my own.,It helped remind me to be skeptical and logical. 
647dde92d730823a9e5c7f0f,Week 4,The AI provided very good canned responses to all the questions I asked and statements that I made. Its knowledge cut off was from 2021 so the Thai government issue that took place today was not included in its knowledge. I was not aware that it could not search the web.,"No, I don't feel the AI taught me anything about identifying false information. I think it could help kids in high school though. My newsfeeds are only from reputable sources so I don't get to see the same kinds of trash that a lot of kids are fed on their TikTok, YouTube, Facebook feeds."
65178713fd459dd31fbfb62b,Week 4,"As I spoke with the AI, I wanted to be sure I was getting reinforcement about my opinions whether a news item was true or false.","Yes, I think the AI did. I now know to look for inconsistencies, artifacts, and other errors in photos to determine if they are real or fake."
651865050634b0ca55fc0d0d,Week 4,I thought about what it said about certain things regarding the images.  One particular thing I didn't get to catch was the image context vs article headline,"In some way, but it is still hard. One tip though, which is a good one, is verifying the image to see if it comes up."
6526ba5706ea8e4e5cafde48,Week 4,I first read the headline and looked carefully at the image provided. The image was a strong indicator where the headline was real or not.,I helped me cross-reference and verify the data. I wouldn't say it taught me. It just made fact-checking more efficient. 
65599c698363f734b0325aa2,Week 4,I wanted to get facts and verifiable results from the AI,yes
6562421abbbe0dc4b89ad4ff,Week 4,I was thinking about how it could help me with fact checking if that news post was legit. Id think that the AI could pull from the internet all types of sources that would either prove or disprove if a article is true.,Yes. The AI taught me how to identify true information by cross refrencing many credible sources. If a article is only available on one site and you search and nothing else shows up for that its most likely to be false info.
65624dbc33b93e2696f06d1f,Week 4,It was very helpful in giving tips on spotting if a headline it real or fake,"Yes, I do because it gave great tips on spotting it, as well as discussing how important checking multiple sources is"
65c18c789a79785086046517,Week 4,"Usually without my asking, it would provide info on whether reliable news sources had reported these stories. That is the first thing I wanted to know. Then maybe zero in on a few details. A few times I asked which news sources; a few times I asked about something in the picture. I think most of these it didn't take much from me to get information that made my decision.","In a way it helped, but I cannot identify anything it did that I couldn't have done myself with a Google search or two. And the other thing is if these are going to be useful, they need to be up to date. The way the AI was in this survey would be useless in the real world. These are all old stories...I think that is one reason why dates weren't included in the beginning, and rarely brought up in the chats. If you are rating on communication skills, they are ok. I even made a joke with one and it had a pretty good reply to me. But I know it is not real; it is programming. And it will only ever be as good as it's programming and what it has access to to learn. And that opens another ethical question about all of this and whether it is worth it. As does the enormous amount of power data centers use. "
65fb580ab7fbb2d518ee8eaa,Week 4,"It was smooth, and I found it helpful.","No, as I already knew how to point out the things AI suggested."
6604610e7a4c3d8b8aa2309f,Week 4,"I tried to see if what the AI was saying was 100% concrete, or if there were still grey areas in the response",
660cda55786e37b1cbb49717,Week 4,I was thinking that I should carefully take into consideration what the AI was saying regarding the stories and headlines,"Yes, it taught me to first confirm sources before I make my decision as to what is real or fake"
66231fc6e1ecba676935943a,Week 4,This time around I was thinking that the AI was making good enough assessments and was kind.,I think it did not really teach me but it did make me more aware of common sense actions to take.
66293ce3dba0764775195e58,Week 4,I am looking for facts that the ai can provide to validate my thinking of real or not for each article.,Yes it has provided information on how to varify a story the best way possible.
66451cf935a985828f197f7e,Week 4,"It felt like it was real chatting with the AI, and I felt comfortable and relaxed which also made it less demanding.","Yes, because it was able to provide research to back up rather the images were true or false"
664921b8a4c8fcf533571f7a,Week 4,"I asked the AI questions to see if it could give me an official source for the claims. If it couldn't and I was already suspicious the headline is fake, I believed even more that it is fake.",I think the AI was helpful. It taught me to analyze images in depth to see if they appear real and also to handle headlines with scrutiny based on what I already know and to use critical thinking.
6650a822a7a14d7179997510,Week 4,I would real the information that the AI provides and make my decision. ,"Yes, because it backed up its information with links to factual information. That taught me to do a little more research before I believe a headline."
6651193f302387e52405119a,Week 4,I took the evidence into account of what they stated and if there information was credible it led to me believing into the source and if it had no valuable information that is credible I was leaning towards it being fake. I made sure to ask many aspects of the headlines and images to ensure that the information was accurate and that I was satisfied with the responses it provided.,I felt like it taught me to identify true and false information through analyzing every aspect of the images and headlines to better understand if it misrepresenting the information and asking the correct questions that could identify problems with it.
66562875b665d8e2b1b6fc66,Week 4,To compare notes so that I could either confirm my own thoughts or look at facts not known. ,Not in any specific way but reinforced the need to verify and look for supporting or refuting facts before making a judgement.
666b4944d7f80b9099b5af20,Week 4,I basically tried to reference the ideas it game me last two times I interacted with it,i think i'm still a bit confused but i get the general idea!  i definitely would still have to do some outside research.
666c7b666fa83d9dad4c6451,Week 4,The ai gave me a point of view I didn't have and helped me reach a decision. The AI gives me all the facts of the photo and describes everything involved with it and I can reach a decision from there.,To a certain extent yes they have shown me what to keep an eye out for when deciding if something is fake or not.
667d81a95170bdd075f74203,Week 4,"Using prior knowledge and common sense evaluations of the images, information and AI responses. ",I do not think the AI taught me much about identifying true or false information and images because it was generic information that most people and I already know or use to to verify information that we question. 
66881fbe723bc57d75a2c268,Week 4,I think it was very nice having the AI and I was able to learn new ways to check the credibility of news.,Yes it did with some explanations given.
668f8d7343028ae0faa7a907,Week 4,"Well this third time I was really interested in learning a methodology for discerning whether news items were accurate or not. I had already delved a little bit into that the 2 previous times, but I wanted to clarify even more. So my thinking process was getting a method first for how the AI went about or would advise me to go about verifying whether a news item was true or not. So I either asked it to give me a protocol for discerning the veracity of a news item or how it would advice me to go about figuring out similar to the news item I was being shown was true or fake. Then after that I wanted to figure out a methodology for figuring out other steps of whatever protocol it gave me I didn't understand. Personally, I learn well and understand more if I have a plan of action or like a methodology for things. So say it gave me a protocol for figuring out if an article was true or not but then in one of the steps it talked about figuring out if the picture was real or not and gave me some pointers how to do that but was unclear about how to do some of the stuff. I then tried to ask it for a step by step protocol for example with tools to check whether a picture has been manipulated or is a sophisticated AI piece or a protocol for checking the trustworthiness of a website or news outlet for example. Not sure if that makes sense, but since I am new to certain aspects it was talking about checking protocols and methodologies that are like a step by step ""how to"" work well for me. Maybe it's how my mind learns to as well. ","Yes, I felt like it was very useful in not just guiding me but giving me methods or list by list ""how too"" in verifying various aspects of a news item from the image shown to the actual text presented as news. I was really surprised it was able to give me as much information as it did in the various aspects I asked it about and generate such detailed protocols for the various aspects that can be involved in checking the veracity of a news item. So I felt like it was good in giving me  framework which I'll use from here on out to discern the truthfulness of news pieces. I'm sure I can still fail to discern right but it was a strong framework it offered for sure."
66abf0c472f051b5e40cfbfd,Week 4,"I was thinking that the AI would be able to verify facts, so I felt that once results came back I could agree with the AI.",I know that without resources I will have a hard time knowing if an image is real or fake.
66b5172c8f0bd3b23ce66c22,Week 4,I asked questions to try to clarify stuff to make sure if it was real or fake,i think it helped to reaffirm information etc 
66cb2e0bd2169db778550269,Week 4,I wanted to see if the news headlines referenced were backed up by journalism from reputable and trustworthy news sources.,"The AI has taught me to identify True/False information/images because the AI Assistant taught me to use logic and critical thinking, as well as sourcing information from reputable/trustworthy sources, in order to determine the validity of News Headlines."
66dd097265650e0dec23231f,Week 4,"I trusted the AI chatbot to verify the information from it's news sources. It seems highly effective at picking out whether a story is true or not. Without this context, it is hard to tell if a story is true or not. I confirmed that the chatbot checked multiple sources and that they are confident in their conclusion. ","They didn't teach me much about exploring the context of the images themselves. They did emphasize that you must check across multiple sources to make sure a story is true. They did this for me, so I was fairly passive in this process, while the chatbot fact checked the stories. "
671cd612f039f8a9b5e55cca,Week 4,"It is easy for me though, first I review the image to see if it is an AI generated image, then I ask the assistant if the news and image can be found in any credible news outlet and also if it can be found with a google search, all these usually lead me to a conclusion.",It gave me a guideline on how to identify fake news using reputable news platforms
673378009f99d14c232c1f2b,Week 4,My thinking was first aligned with providing evidence to the headline and then evaluating whether it was possible based on what was depicted in the photo. I believe events may have occurred but not in the respective pictures given.,I believe it has assisted me in identifying truthful articles from misleading images as a story an be true but the images that go with it can be fake to draw in more attention.
673ccb0691efe91cd015dcf7,Week 4,"When reacting to the AI dialogue, I first read the claim carefully to understand the who, what, where, and when. I then look for details or red flags, such as vague wording or sensational language. I compare the claim with what I know from credible sources or memory, and if needed, check additional sources. Based on that, I judge whether the news is likely real or fake and assign a confidence level.","Yes, the AI helped me learn how to identify true and false information because it encouraged checking details, looking for credible sources, and comparing claims with verified reports. It also highlighted red flags like vague wording or unsupported statements, which made it easier to judge accuracy."
674ca2f2b42dd96dc2f71707,Week 4,"I asked for sources for the information. I tried to act like I would in a normal, real life conversation",Not really. I am very cautious when reading news and only really get my news from credible sources such as the BBC news website. 
675b6bf5887bccb7fad6c44d,Week 4,I thought about explaining the news in a clearer way.,"It gave me ideas on how to tell what’s real and what’s fake, and I could also count on doing my own observations."
676304145bbe20d1fd5d653c,Week 4,Making sure it understood that I was confident in my picks for good reason,Not really. I feel like all of my answers were correct just from looking at the pictures.
67657279b0bce380fa33721e,Week 4,"I tried to establish facts and corroborate claims.  Firstly by asking for sources on the articles, and then looking for any inconsistencies or clues in the photos that would either support or challenge the claims. ","Yes it taught me to question things more - news that may, on the surface, appear true, can reveal inconsistencies when you dig deeper.  (For instance, the flags in the Thailand story which appeared to be closer to the Paraguay flag.)"
67659224c577c7e97b074f43,Week 4,It does a good job in involving me in the full process of deducing the realness and fakeness. It seems to be unbiased and gives relevant info to decipher,"Yes, it gave me a few pointers such as sensationalism, looking out for pictures closely and connecting the dots. I think I am much able to sense which ones are fake or real"
677fb35eafd357a07e351a9f,Week 4,"I desired to seek out credible news sources from the AI.  I asked for sources from various credible outlets, exactly who those sources were, and some historical background concerning the events reported. ","yes, AI helped me to understand the importance of seeking out multiple credible sources for verifying news information.  Further, AI clarified the need to seek authenticity in images that may be fakes by looking for anomalies that do not reflect reality.  "
678f0bb28ec3307e4f1afb78,Week 4,I am collaborating with the AI to form a conclusion,yes through collaboration
6792f9facbb387400c5b6119,Week 4,"I am trying to talk to them like another LLM I use frequently, sometimes it doesn't respond the way I think it will. ",
6797d5ada6654ec99f741b08,Week 4,my thinking process when reacting to ai dialogue was first assesing whether it mentioned sources or supported my original opinion and then i answered based on those two things,yeah it's taught me slightly that if there are little to no sources or context its most likely false
67c83488e67b25dcb923d96d,Week 4,"Sure! Here’s a detailed breakdown of my thinking process as I reacted to the AI dialogue about the news headline regarding Gov. David A. Paterson inciting a riot:  Initial Skepticism When I first encountered the claim, I approached it with skepticism because it was a serious allegation involving a public figure. Such claims typically require strong evidence and credible sources, so I was alert for signs of misinformation.  Checking for Credible Evidence The AI dialogue pointed out that no reputable news outlets or fact-checkers had reported such an incident. I looked for confirmation or denial from reliable sources in my knowledge base. The absence of credible reports made me question the authenticity of the claim.  Evaluating the Language The phrase “incites a riot” is highly charged and legally significant. Sensational or inflammatory language is often a red flag for misleading headlines, so I considered this as a possible tactic to provoke strong reactions rather than inform objectively.  Considering Context and Character I reflected on Gov. Paterson’s known public behavior and history. There was no indication he would engage in actions that incite violence, which made the claim less plausible.  Reviewing the AI’s Reasoning The AI offered a structured explanation addressing the lack of evidence, the nature of the language, and contextual factors. This aligned with my own reasoning and reinforced my conclusion.  Balancing Confidence While I am fairly certain the claim is fake, I maintained a small margin of uncertainty to allow for any new evidence that might emerge, hence settling on a high confidence but not absolute certainty.  Engaging Constructively Throughout the dialogue, the AI encouraged exploration and critical thinking rather than simply delivering a verdict. This made the interaction collaborative, fostering deeper understanding","Yes, I feel the AI helped me learn how to identify true and false information and images. It guided me through analyzing the context, checking for credible sources, and questioning sensational claims. The step-by-step explanations encouraged critical thinking rather than just accepting headlines at face value. This approach made me more aware of common misinformation tactics and how to verify news effectively."
67cf114d88ac6082ae5c17bd,Week 4,i was thinking about ways to decide if news story was true or not,yes it thought me to check sources reliability and to check if it had widespread news coverage
67d47bef1b8777e754726be0,Week 4,"I separate what the image literally shows (observable facts) from what the caption/headline alleges (who, what, where, when, why).  I list any checkable specifics (names, locations, dates, numbers like “4,100 people,” etc.).  Describe only what’s visible  I stick to neutral, observable details (e.g., “a crowded indoor facility,” “foil blankets,” “police escorting detainees”).  I avoid identifying real people in images and don’t infer motives or emotions from a freeze-frame.  Assess the language of the claim  I watch for loaded phrasing (“incites violence,” “explosive,” “chaos erupts”) that may overstate evidence.","Step-by-step reasoning: It breaks down the process — for example, checking whether an image looks manipulated, comparing it with reliable sources, or questioning the context of the headline.

Tools and techniques: It introduced practical methods like reverse image search, metadata analysis, and cross-checking with trusted outlets."
67dac9fec33b7784afd3d08b,Week 4,"i think the AI is quite knowledgeable, it was particular about the credibility of the news. helping me with a break down clarification on the possibility of the news being real or fake  ","yes, it kind of did"
67db3dd91c05b7278a0aad44,Week 4,I tried to remember if i had seen any of the recent events and made my decision ,No i feel it sometimes gets it wrong also
67e711daa771e0a8ad8c36f6,Week 4,"When I first began the experiment, I wasn’t exactly sure what to expect, but I quickly realized it was designed to test how I evaluate the truthfulness of headlines, especially when paired with images or additional dialogue from an AI. Each news item forced me to slow down and think critically—something that doesn’t always happen in real-world media consumption.","Yes, I do feel that the AI helped teach me how to identify true and false information and images, but more through its process than by giving direct answers."
67f3147d939ee392b2741fb5,Week 4,The AI has information to verify if the news is real or not and I like that fact,"I can't tell, really. But the AI gives good information"
